id,order_id,payment_id,receipt_number,issued_at,metadata
"1","13","2","fk77tp75D8","2017-05-19 16:41:09","{"issuer":"Bernhard - Nitzsche","note":"Vespillo tolero viduo aperte tametsi ullam trucido.","digital_signature":"0x5CA3Bf3fAcaD9b7c"}"
"2","5","4","IrZUkSKStO","2018-07-15 08:26:18","{"issuer":"Kuhn LLC","note":"Solutio stultus adhuc quaerat adhaero cresco bis.","digital_signature":"0x8a139ccCb3b153B4"}"
"3","13","15","HecWXAea5C","2020-11-06 19:29:25","{"issuer":"Beatty and Sons","note":"Corroboro ratione maiores vorax apparatus.","digital_signature":"0x8Ff6aCEf3c252FcF"}"
"4","10","12","onim3GAjFO","2024-08-29 12:57:35","{"issuer":"Hayes - Gerlach","note":"Tutis aggero crudelis coniecto audentia ter verecundia confido addo comburo.","digital_signature":"0x9DFDe6cff1df1bcA"}"
"5","5","6","DDwBPwcDyE","2016-11-02 09:54:30","{"issuer":"Gusikowski Group","note":"Curia modi basium aequus.","digital_signature":"0x3fFc9C72505E5DaC"}"
"6","4","5","8ExN6s0You","2021-01-03 19:38:15","{"issuer":"Howe - Zieme","note":"Temperantia quibusdam annus appello argumentum.","digital_signature":"0xBf599C3EBFcac261"}"
"7","18","20","6wY6WIsug2","2017-05-02 19:29:25","{"issuer":"Treutel and Sons","note":"Vulgaris conturbo conduco amaritudo totam.","digital_signature":"0xf073DfEcB3C5F9DF"}"
"8","13","9","f1UoUdUXp4","2018-12-09 06:14:31","{"issuer":"Bogisich - Durgan","note":"Textor colligo arcesso necessitatibus alo.","digital_signature":"0x4AAdaFD87Aa4f9Ec"}"
"9","18","15","tDwogqUdK4","2016-11-25 14:05:48","{"issuer":"Terry - Kiehn","note":"Corpus quisquam vehemens acerbitas ubi armarium adipisci neque tabernus.","digital_signature":"0xA3Af940CEA5729BB"}"
"10","11","19","AmVHOqhjtw","2017-06-25 03:52:36","{"issuer":"Romaguera - Thiel","note":"Earum curso accusator delectatio vulnero.","digital_signature":"0x6e05B4Ce107E9Bfc"}"
"11","1","11","sCFGDc5SCh","2023-08-29 10:47:57","{"issuer":"Huel Group","note":"Conduco thorax calcar curia vir talus expedita canis uterque decretum.","digital_signature":"0x4a6EB77EEe746afE"}"
"12","12","19","mLbPsXHUa9","2023-01-23 22:33:29","{"issuer":"Corkery LLC","note":"Constans aureus verus defungo tabgo.","digital_signature":"0xA1B0abCEfBbDe0ad"}"
"13","17","14","iE0P8bBVFs","2019-04-02 00:22:48","{"issuer":"Nolan, Glover and Crist","note":"Altus aliquid dedico summa deduco.","digital_signature":"0xdfaDe7A9c0b9425a"}"
"14","14","13","exW9tuIPQc","2018-05-28 00:34:29","{"issuer":"Hammes - Sanford","note":"Timor crinis alo deporto aperio quaerat crux comminor atavus porro.","digital_signature":"0xade7721998bF13F6"}"
"15","1","17","oQuDo8tlTU","2025-03-01 03:45:01","{"issuer":"Medhurst - Christiansen","note":"Quaerat sumptus suscipit unde.","digital_signature":"0xeDd3cFAdFEbFE5a6"}"
"16","11","15","VPV8y0j87l","2017-03-30 16:06:42","{"issuer":"Baumbach - Gutkowski","note":"Cogo conatus cunctatio perferendis.","digital_signature":"0xeC44Cc2De2a52e4d"}"
"17","13","5","axICAnjOYC","2021-06-30 18:08:39","{"issuer":"Weissnat - Schamberger","note":"Degenero uberrime odit nihil.","digital_signature":"0xd6F4F3b9DAa1BA70"}"
"18","7","9","IwsvVVaRxX","2025-08-15 12:17:23","{"issuer":"Schuster - Dickinson","note":"Caste creptio aufero contego aeternus tandem socius.","digital_signature":"0xd7Aab902D2ee3Fef"}"
"19","17","12","KVgMKMn36v","2022-12-25 02:33:39","{"issuer":"Legros, Spinka and Kovacek","note":"Tolero nostrum similique.","digital_signature":"0x222da1cdAFd60be8"}"
"20","8","12","rXTMhuAZRk","2021-11-13 08:46:19","{"issuer":"Cronin - Hills","note":"Dicta desparatus statua sponte at.","digital_signature":"0xFEcBDA5e4CdBcFbC"}"