id,customer_id,session_id,status,created_at,updated_at
"1","940","v0DXbbqYjE","converted","2018-08-20 06:21:44","2023-09-09 22:07:23"
"2","898","DRDGVgcFIu","converted","2024-01-26 22:07:39","2025-09-22 21:43:31"
"3","721","UAWweVeP7R","abandoned","2024-01-25 00:32:18","2024-04-18 13:49:26"
"4","320","cGgO4KtjF7","active","2017-01-15 02:46:19","2017-07-10 13:36:39"
"5","548","yolfu5LBjh","abandoned","2017-04-14 02:59:51","2023-12-25 16:00:15"
"6","376","E4XZ5PvTYQ","abandoned","2018-03-18 20:07:34","2018-07-12 00:24:16"
"7","630","gkY2kW8uGW","abandoned","2020-08-11 19:04:23","2023-04-26 10:59:10"
"8","19","g74iP1Qlnz","abandoned","2023-10-26 22:12:48","2023-10-30 08:45:43"
"9","253","I7sNeSiGdW","converted","2022-03-19 20:47:21","2024-12-10 17:57:06"
"10","283","q0COQF4Ckw","converted","2018-03-01 09:23:40","2023-04-05 01:04:59"
"11","736","5jjWTUWoo8","converted","2023-09-17 11:48:12","2024-02-03 19:54:39"
"12","936","Wii1Ilm8YB","active","2018-01-20 12:34:31","2023-11-25 04:49:03"
"13","15","b5VU3yg2Mg","active","2018-09-15 09:21:01","2025-02-01 21:16:51"
"14","550","M2PdOWRtO6","converted","2025-10-12 10:51:35","2025-10-14 19:13:45"
"15","76","JfW9LAs4Qc","active","2023-05-23 02:52:26","2025-06-13 09:15:18"
"16","888","buOir2mMBf","active","2018-07-17 20:08:26","2023-03-08 17:53:14"
"17","100","C53P4pImo8","converted","2018-10-20 02:45:01","2019-02-22 00:53:50"
"18","275","EYShgtwr5m","active","2024-01-24 16:13:42","2024-03-01 05:19:05"
"19","62","LWUdwe38WB","active","2022-06-18 23:35:35","2024-12-25 21:11:11"
"20","717","qIegZ92wjF","active","2025-05-30 13:46:47","2025-09-06 19:31:35"
"21","704","VBY0z69DJw","active","2024-09-25 08:54:18","2025-08-13 20:29:20"
"22","399","PohkLpttPz","converted","2023-04-04 06:50:17","2024-02-18 06:50:17"
"23","574","LhJfjkf8zm","active","2021-04-19 21:02:03","2021-11-06 21:30:52"
"24","622","SMCmptnQXS","active","2025-05-18 15:31:53","2025-05-21 01:52:11"
"25","22","01IDz0nuPe","active","2017-06-26 21:03:59","2022-09-14 02:46:59"
"26","545","JJ4VGpBIKc","active","2023-11-18 20:35:45","2025-01-13 10:50:42"
"27","877","ecwlwMtKvF","converted","2022-02-12 04:56:22","2023-08-02 20:44:02"
"28","950","CB6dlILCsR","converted","2025-01-12 01:27:56","2025-05-10 18:06:13"
"29","636","fPqMhySAvL","active","2021-04-14 04:57:19","2024-09-30 13:46:30"
"30","645","dkYuOzK34l","abandoned","2017-09-08 20:14:39","2023-10-28 11:53:07"
"31","292","969mNL3gzx","active","2023-09-15 07:30:29","2025-09-29 04:42:56"
"32","51","4OloOyaUti","converted","2024-08-10 01:15:27","2025-03-28 13:55:49"
"33","940","uk0OqE4CFV","abandoned","2024-08-24 22:11:19","2024-08-29 03:48:24"
"34","548","UwWjvWaN2j","converted","2020-06-06 11:59:53","2021-06-15 11:22:25"
"35","496","sECEH9LuZj","abandoned","2018-07-04 02:37:14","2024-10-17 09:23:37"
"36","871","NySB1Znohs","converted","2024-11-09 11:11:03","2025-08-06 11:17:40"
"37","295","389A4ECrYc","abandoned","2017-04-09 05:27:17","2019-06-25 05:26:58"
"38","259","r7W5eI6P7Y","active","2017-03-24 14:29:20","2019-05-31 23:27:53"
"39","512","CH0kzERL6I","abandoned","2021-12-09 22:05:46","2024-02-19 07:55:44"
"40","702","7Tcl7RhFFc","abandoned","2024-10-16 09:32:51","2025-05-27 22:20:00"
"41","627","yD7gMDlG2c","converted","2022-07-20 01:03:15","2023-01-15 14:31:18"
"42","866","6CA3FS5KV6","active","2019-10-28 06:09:15","2020-03-20 20:05:53"
"43","716","Nrq0MpZbya","abandoned","2025-01-06 19:10:46","2025-01-31 05:24:17"
"44","685","UpWzViUK4u","converted","2019-01-13 19:42:37","2024-09-22 18:16:59"
"45","710","hGub7prbPh","converted","2020-01-18 08:17:15","2023-05-27 14:14:12"
"46","46","oCMJgaErBh","converted","2025-05-28 01:54:27","2025-09-09 08:31:31"
"47","594","klLWBPzvXe","abandoned","2024-11-16 20:30:04","2025-04-06 10:39:41"
"48","651","HUJ8NI8lYY","abandoned","2020-06-11 14:31:42","2024-02-02 11:23:45"
"49","600","zPUJhiM5ho","abandoned","2020-12-26 16:20:07","2022-04-06 20:12:25"
"50","163","krvnJKTTpb","converted","2018-04-02 07:37:39","2021-08-07 12:01:32"
"51","594","EhwxXgXqsE","abandoned","2017-04-26 09:00:22","2021-04-21 17:14:06"
"52","702","Fxo91QnSQb","active","2019-05-18 18:31:26","2019-06-10 13:59:20"
"53","766","oQG48E6dno","abandoned","2023-06-14 02:07:13","2025-01-02 15:27:23"
"54","374","A10O1AlnZr","abandoned","2020-05-21 20:41:27","2024-01-18 08:28:31"
"55","297","MzV3YdchXR","converted","2017-06-08 07:18:36","2020-09-01 08:48:45"
"56","708","90tlDyu5GR","active","2019-04-08 10:48:47","2020-03-21 17:42:05"
"57","567","ndQHjetBW9","abandoned","2024-03-04 22:38:02","2024-03-14 22:02:22"
"58","944","UhgyeBSzKy","converted","2022-09-18 14:50:16","2023-06-25 13:06:19"
"59","18","PSoGFKe0Er","converted","2023-11-28 06:56:16","2025-09-09 07:25:23"
"60","143","6ErY9lq4pv","active","2016-11-29 06:10:39","2023-11-03 23:03:49"
"61","829","edvcj7VHYI","converted","2024-04-28 02:15:25","2025-02-07 14:19:45"
"62","609","ttfLviGMl7","abandoned","2017-09-02 22:45:28","2021-02-03 14:47:35"
"63","285","ug5gFbtmxV","active","2022-09-23 05:30:36","2025-05-13 15:46:27"
"64","770","BqmbudAhTd","converted","2021-12-25 02:48:09","2024-11-02 21:23:52"
"65","55","1HzPiYr14A","abandoned","2024-12-16 12:10:51","2025-06-11 11:22:40"
"66","394","p4swPljxWI","active","2023-05-28 21:12:36","2023-07-22 09:42:48"
"67","683","dfgvQgBjN2","abandoned","2019-02-12 04:14:06","2021-11-19 09:46:19"
"68","636","ocqKNWWGpG","abandoned","2018-03-27 21:57:23","2025-05-26 13:45:11"
"69","944","gfLZZ81fpk","active","2025-01-20 15:10:51","2025-04-14 17:58:50"
"70","515","kIdyvYyX31","abandoned","2025-04-02 19:07:54","2025-04-28 14:26:17"
"71","868","FPzpyMh33A","converted","2025-04-07 10:29:47","2025-07-20 23:02:22"
"72","769","2sEqDKKvu2","converted","2020-08-22 06:36:01","2022-02-27 03:16:39"
"73","590","6LqiOPavoe","abandoned","2024-04-10 09:35:46","2025-01-13 19:37:20"
"74","228","txOxoSbwbD","abandoned","2018-03-25 23:47:20","2018-09-29 19:35:57"
"75","430","URM1kTN8V7","abandoned","2025-08-01 03:41:24","2025-10-12 19:58:50"
"76","162","lH9wqLwUId","abandoned","2021-05-03 18:49:26","2024-05-15 13:39:22"
"77","836","XVE0JYQOpc","active","2024-11-16 13:25:26","2025-01-14 01:06:40"
"78","461","CI1KNQjEWV","converted","2024-11-27 12:27:25","2025-09-30 08:58:07"
"79","916","x8uz6RwmQw","converted","2019-05-29 20:20:10","2023-11-18 16:37:12"
"80","139","7a3QxuupjL","converted","2023-09-05 19:44:44","2023-09-12 21:43:49"
"81","955","VxaLbqPdkD","converted","2018-12-29 17:52:38","2023-11-05 23:26:34"
"82","765","EgkzG9ZrbK","abandoned","2024-09-06 21:17:06","2025-05-30 02:50:09"
"83","188","w0VWJiajrp","active","2017-08-08 10:05:53","2020-05-14 08:43:34"
"84","671","1vo3GhFL4y","converted","2024-03-09 21:00:34","2024-09-11 03:23:09"
"85","486","fQhdZ83QqS","active","2018-07-09 19:21:47","2022-03-03 16:55:17"
"86","175","eRlPxZVOIC","converted","2017-02-21 16:10:59","2024-03-08 15:26:18"
"87","776","SpllhNo5ca","active","2024-12-12 06:57:51","2025-05-12 08:48:28"
"88","75","zGmWXf1G5L","abandoned","2018-08-17 08:21:08","2018-08-18 07:20:28"
"89","567","AH1E2tNonh","abandoned","2025-08-27 01:33:21","2025-08-29 07:59:31"
"90","982","BH26zWbUj8","active","2025-10-12 19:12:06","2025-10-13 22:29:49"
"91","272","cVfDnYg2VE","active","2022-06-09 10:40:57","2024-06-28 07:17:10"
"92","168","RPusebnO4S","active","2017-11-21 15:15:41","2020-08-25 21:38:42"
"93","312","360WDPf2RL","active","2021-10-12 22:33:36","2025-08-23 11:49:20"
"94","873","0jpdVYJaQA","converted","2025-03-30 13:15:51","2025-09-18 10:37:15"
"95","308","NonugQaxjE","converted","2019-04-18 00:46:53","2022-09-04 15:21:55"
"96","466","MNwzMNFr1G","active","2021-10-25 10:00:26","2021-12-18 12:45:01"
"97","643","woEd1Qyw3T","converted","2025-04-13 19:40:49","2025-08-29 03:16:42"
"98","551","AJba0Y4zwX","converted","2017-04-23 22:41:01","2024-04-28 14:11:41"
"99","523","yeyEopiWX5","active","2019-05-09 14:40:30","2023-11-16 00:43:23"
"100","505","jc1jpm763X","converted","2024-10-23 22:28:50","2025-05-04 23:42:10"
"101","503","PX5RSdcu6I","abandoned","2021-09-27 16:41:15","2022-07-14 15:37:34"
"102","911","u6piLd7hYG","active","2022-05-26 20:17:25","2025-01-17 21:19:33"
"103","550","ysTZjV4TsQ","active","2018-04-23 15:43:50","2019-03-10 08:23:07"
"104","625","bdkxCjAqzQ","abandoned","2016-12-01 10:03:33","2023-11-11 00:09:22"
"105","792","wB2tQU3Gwr","converted","2018-11-14 11:30:21","2023-07-11 12:19:09"
"106","677","M2vdnyvw3e","active","2022-01-15 17:36:12","2022-03-25 14:11:37"
"107","891","U8e8Hknjo5","abandoned","2024-11-15 21:14:14","2025-07-17 23:49:27"
"108","853","sIvIZWx8oB","converted","2023-01-08 06:33:56","2025-02-10 18:04:00"
"109","479","YPHgLj17M7","converted","2024-10-12 03:29:57","2024-12-11 17:30:26"
"110","785","eA3Luxhq2q","abandoned","2022-04-03 09:43:07","2025-10-08 11:31:54"
"111","742","bsBZjxP2lf","converted","2025-03-05 11:54:40","2025-10-04 11:04:10"
"112","568","zTxNJncNcc","converted","2016-12-08 12:00:33","2020-08-27 00:48:17"
"113","234","9G6Tbv3ci6","active","2023-04-02 12:30:33","2023-06-04 15:08:42"
"114","263","zM6zeujrbN","active","2024-09-28 18:29:13","2024-12-30 20:17:24"
"115","578","22dzAEIogV","active","2021-03-27 05:53:14","2022-11-29 01:24:49"
"116","580","VsabgLzgC8","converted","2018-06-27 06:51:30","2023-05-26 01:59:23"
"117","915","ItpiXrAVQ6","abandoned","2025-06-13 18:35:46","2025-07-11 12:28:52"
"118","704","3BeiXJQQYg","converted","2019-12-12 18:46:45","2021-10-05 10:20:17"
"119","569","n26eoWkYSK","converted","2020-10-02 05:57:15","2025-08-09 02:39:20"
"120","788","hQ23r2LZY1","abandoned","2025-04-29 03:54:07","2025-06-19 15:12:06"
"121","565","fLC9FpSKD8","active","2021-11-15 19:26:42","2023-01-16 22:36:35"
"122","548","WJoYFB8fvW","abandoned","2024-12-05 02:30:28","2025-03-16 05:08:18"
"123","126","fsqPhodMxE","abandoned","2024-12-22 17:14:31","2025-08-27 21:05:40"
"124","277","jAmVUki6gP","abandoned","2021-11-28 07:27:03","2025-03-23 21:50:06"
"125","522","je2TInQChw","abandoned","2018-04-16 12:37:21","2021-11-19 22:24:45"
"126","258","OeNN6n7Laj","active","2019-11-15 18:25:11","2020-07-20 08:06:22"
"127","340","38IKgDLJEH","abandoned","2017-02-15 12:48:11","2019-02-08 11:16:20"
"128","35","7X48Sp1RS7","abandoned","2020-10-04 20:39:08","2024-11-29 11:34:52"
"129","554","zzwHjhJOeG","abandoned","2017-07-23 12:16:48","2018-08-26 22:25:04"
"130","489","wG514G1tYc","converted","2024-03-14 22:50:42","2025-04-03 13:37:16"
"131","86","MLwKtKTl1g","abandoned","2022-05-23 11:43:56","2025-05-19 06:09:40"
"132","887","btaeeT7u0e","abandoned","2019-03-18 05:06:46","2022-04-17 07:39:03"
"133","362","JgzftoL9z5","active","2023-01-26 09:17:11","2025-05-15 16:42:10"
"134","721","Hu3yo1p1HT","converted","2017-08-02 12:15:14","2021-11-28 20:51:34"
"135","344","cwtlQfPGx6","abandoned","2019-04-16 01:31:50","2021-05-20 14:30:51"
"136","549","x15SqRQsI8","abandoned","2018-05-08 03:20:18","2018-12-22 10:14:34"
"137","962","wM7oHXS2CW","active","2018-05-21 09:02:37","2023-02-09 10:23:50"
"138","326","bJqbOwvV1p","active","2023-04-25 05:01:16","2024-05-05 02:51:41"
"139","352","32xUpiYoj5","converted","2024-02-11 18:16:41","2025-09-15 02:49:01"
"140","283","bf8yFwBBve","active","2020-11-16 04:46:57","2022-01-24 16:07:19"
"141","450","oJpqt0omBf","active","2020-02-27 05:18:49","2022-01-18 05:38:44"
"142","292","gizzg8IV0K","active","2025-01-22 02:59:18","2025-07-27 04:13:52"
"143","644","FAGfAwI5TE","abandoned","2017-08-18 21:52:16","2025-08-21 19:32:18"
"144","52","lyOQCmVn20","active","2023-04-27 19:32:05","2023-06-26 15:01:28"
"145","382","5mnF73AQ5y","converted","2017-08-06 03:08:53","2024-02-27 13:48:03"
"146","341","osiD4uRm0T","converted","2019-12-12 03:24:33","2024-05-05 05:59:03"
"147","988","GWVCYwrCHS","abandoned","2021-03-02 16:31:18","2025-02-20 23:18:49"
"148","1000","hPI0BynomW","abandoned","2020-08-11 08:07:34","2021-08-20 05:33:32"
"149","694","8LSx8C3bg1","active","2019-03-27 02:38:22","2025-09-15 15:47:39"
"150","200","qcz8tFwimw","converted","2017-09-21 17:15:38","2017-11-09 17:20:43"
"151","863","UZr9txa8LC","converted","2019-02-16 23:44:25","2024-11-27 06:19:43"
"152","895","BtFIhVIeW1","active","2024-02-16 09:40:01","2024-04-12 14:17:20"
"153","531","CtuJHlbFQ0","converted","2023-11-08 18:23:56","2024-06-30 01:49:59"
"154","519","kgOO9rSzcI","abandoned","2018-10-02 19:05:46","2025-01-25 01:54:08"
"155","359","cp0XzEZFt2","converted","2022-07-20 13:34:30","2024-11-24 11:52:19"
"156","423","SRGvPtRuXb","active","2017-10-11 03:50:05","2023-04-12 17:54:42"
"157","781","ozcyzeZjTc","converted","2018-02-15 12:39:22","2021-11-06 10:29:22"
"158","306","T55uCn9ims","active","2025-05-10 04:38:56","2025-09-11 07:41:27"
"159","666","Lxrxe9ul9Z","abandoned","2017-05-05 21:07:37","2020-09-10 13:53:09"
"160","451","O3nTDB56Bd","converted","2018-08-22 21:51:17","2022-11-29 23:18:12"
"161","871","El8f9ZuhKS","abandoned","2020-08-02 14:58:24","2025-09-12 14:27:33"
"162","276","BLCKzEqnDY","abandoned","2024-08-11 17:10:23","2024-12-24 05:29:54"
"163","608","N7BYEtoWsE","abandoned","2017-08-09 03:27:53","2017-08-26 01:58:18"
"164","140","WsNZsO9LOE","abandoned","2022-02-02 13:42:03","2025-09-23 04:08:02"
"165","381","bshJUrimQj","converted","2021-05-17 05:44:33","2022-10-17 21:59:01"
"166","251","dg9dLWpW2A","active","2018-10-18 18:16:53","2019-04-09 17:24:28"
"167","242","TL56qEYwyB","active","2019-06-29 18:50:55","2023-02-09 00:49:43"
"168","792","lbvHdKZyPh","active","2019-04-12 18:16:24","2025-04-15 13:59:35"
"169","934","LY8v1LVvza","abandoned","2022-08-20 16:05:58","2025-01-12 22:15:02"
"170","155","XbKUbYXGB9","active","2023-05-25 20:18:15","2024-09-27 16:52:20"
"171","694","CqHCCcgsGh","abandoned","2022-12-24 00:53:11","2024-07-07 03:45:26"
"172","53","fE2c21vNEg","abandoned","2018-07-12 17:45:11","2020-12-13 17:19:14"
"173","60","ihQcfOa3MF","active","2022-05-04 10:44:02","2025-06-05 09:06:24"
"174","192","kbbfIUNiBQ","converted","2023-03-28 08:10:12","2023-07-10 20:56:27"
"175","62","4EvzovReBr","converted","2023-11-08 08:47:09","2024-08-15 22:15:04"
"176","480","fQOU2P2Ea0","converted","2022-08-04 21:44:06","2023-05-27 08:28:57"
"177","63","qQg9c5ZOMC","converted","2018-03-28 00:12:05","2022-09-17 23:20:53"
"178","543","VBUckIFXHd","active","2020-09-12 13:29:32","2023-01-20 13:51:40"
"179","144","JyK0WO01Er","abandoned","2023-02-10 08:26:01","2023-04-22 22:42:57"
"180","806","pDooau9IRV","active","2020-10-19 03:40:39","2023-07-22 20:50:57"
"181","303","mvhqrwAXNb","abandoned","2018-04-06 15:02:40","2022-04-14 18:45:33"
"182","275","NZESr8F7Br","abandoned","2021-04-20 00:46:43","2023-07-29 04:35:07"
"183","490","35AM9qQQVD","abandoned","2025-03-30 18:42:31","2025-08-18 08:19:49"
"184","710","oRG7MANgrr","converted","2022-05-03 15:23:22","2024-05-28 14:16:56"
"185","899","q3xzoxdwzQ","converted","2019-06-23 08:32:32","2024-01-30 02:16:09"
"186","942","KFngfKWELC","abandoned","2022-07-26 09:34:49","2024-10-26 11:51:50"
"187","972","pejfLOjPQo","abandoned","2022-07-06 10:53:14","2025-08-20 04:30:41"
"188","62","5E7Mmq1mYV","abandoned","2022-05-30 20:57:41","2024-11-08 03:10:27"
"189","948","mazOa2Obld","active","2017-02-27 02:12:37","2017-08-08 02:02:01"
"190","698","qpiMEZhYpV","active","2019-11-10 06:02:31","2023-01-18 00:26:37"
"191","678","5jqquvhEcA","abandoned","2022-09-06 20:16:33","2023-05-26 17:46:14"
"192","951","LdihVFMVkC","active","2020-07-19 23:17:33","2025-09-01 23:46:33"
"193","804","YDeVPdDOPj","active","2024-09-23 20:48:23","2025-04-05 05:59:48"
"194","76","ji3ntG2c7Z","converted","2024-11-13 11:49:58","2025-03-13 11:45:48"
"195","81","TYIO2lh0pR","abandoned","2018-01-23 13:03:39","2020-02-10 23:31:13"
"196","472","t8ukg2gWCD","abandoned","2025-08-06 21:03:12","2025-08-06 21:41:55"
"197","385","WbQ9lLk3gk","active","2023-07-03 08:46:59","2023-09-04 07:12:20"
"198","241","CaqnsINqSg","active","2022-07-15 17:15:54","2022-08-01 16:29:39"
"199","847","j8duxPSVAV","abandoned","2021-01-26 17:01:34","2023-05-02 01:18:50"
"200","313","BWlWVddKzd","abandoned","2024-08-29 05:20:43","2024-12-31 02:46:01"
"201","310","zRxX7aJD3a","active","2019-08-08 01:02:28","2020-05-29 06:52:15"
"202","762","n2AL74Lgnq","converted","2021-01-23 14:58:08","2021-11-18 23:32:33"
"203","39","z43EphLNeu","converted","2025-09-29 22:16:35","2025-10-11 05:35:53"
"204","329","xJDVPriydB","converted","2025-06-22 03:33:45","2025-09-28 09:09:13"
"205","753","401SoybQjQ","converted","2023-09-24 11:43:08","2023-10-22 11:24:33"
"206","326","vpLxgGtmGp","abandoned","2021-06-19 08:57:48","2021-07-02 23:31:50"
"207","742","iJ6WHoiOCi","converted","2022-12-01 07:15:03","2025-08-29 12:58:35"
"208","516","Ume1XFfzkC","abandoned","2024-10-21 22:01:42","2024-12-25 11:59:33"
"209","443","MOPGHdV3oY","converted","2019-01-18 21:56:30","2023-10-25 17:25:19"
"210","123","4sAD7o7E7x","abandoned","2024-05-28 18:46:23","2025-07-31 15:45:13"
"211","736","PeEv2WXhYV","converted","2021-10-08 19:08:36","2022-11-02 02:26:08"
"212","214","jfm0uLWtGP","converted","2020-02-26 15:24:00","2024-08-25 04:15:03"
"213","84","PpTprxxUhP","abandoned","2019-09-04 12:30:36","2021-11-16 18:27:25"
"214","893","Qo6EhorkO3","abandoned","2021-09-08 02:10:55","2025-01-06 11:00:19"
"215","921","vob2kJDaRD","converted","2024-05-22 23:14:31","2025-06-05 19:55:58"
"216","606","jGRVGKY3of","converted","2025-01-22 18:55:39","2025-08-06 14:21:27"
"217","27","OFsugwB2t2","active","2021-02-18 22:41:54","2021-04-06 10:25:20"
"218","349","Np2w0TL3xA","abandoned","2021-02-10 10:15:01","2025-10-16 06:42:10"
"219","884","EofQrOtymu","active","2021-01-03 00:56:57","2023-05-10 14:51:32"
"220","118","wfZffQKruk","converted","2019-07-22 15:25:04","2021-07-06 05:06:27"
"221","621","avRCzPqE6d","converted","2022-06-16 15:20:51","2024-01-29 04:01:13"
"222","637","6948MU2nt6","abandoned","2022-09-03 03:51:59","2025-05-23 09:00:12"
"223","624","2rEU31YIrg","abandoned","2018-10-14 21:58:50","2020-05-31 21:30:03"
"224","740","s69oefQS41","abandoned","2020-06-06 01:19:38","2022-08-22 06:52:56"
"225","799","MzVEShkp5i","converted","2019-06-14 10:23:48","2020-08-16 10:26:11"
"226","855","HIpts51Ayj","abandoned","2022-04-22 04:53:56","2023-01-03 09:05:23"
"227","626","PyHRP4GB0F","converted","2018-04-27 16:19:07","2024-06-26 06:37:02"
"228","136","ibTN846C2w","abandoned","2021-01-25 08:16:06","2022-12-10 16:04:30"
"229","910","Mxx1QtyRsf","converted","2023-02-06 11:17:06","2024-02-15 20:29:45"
"230","948","PbHNKblJ4t","converted","2022-09-28 04:45:20","2024-04-08 01:20:08"
"231","6","4kC6zTZHDy","converted","2021-02-22 01:49:06","2025-04-15 17:19:40"
"232","593","WVXQpeSGge","converted","2022-05-10 15:38:06","2025-02-12 09:40:28"
"233","26","6YhP2EUqW0","active","2017-03-20 10:42:19","2024-03-09 20:57:06"
"234","1","ttbGvIdLRv","abandoned","2020-12-19 09:04:22","2023-10-30 23:35:35"
"235","153","GxWmhU4B1C","active","2022-08-14 06:33:28","2024-06-10 02:36:39"
"236","335","K5ccaWPSsE","converted","2022-05-26 20:17:42","2023-05-22 23:05:15"
"237","530","DbG37PkbIn","abandoned","2019-09-04 11:32:41","2020-06-16 07:25:54"
"238","12","wMzEPMCE5e","abandoned","2016-10-28 10:22:31","2025-04-22 21:43:12"
"239","539","udVJEwsAtk","abandoned","2020-06-27 21:50:04","2022-06-10 11:26:06"
"240","58","7xjmo1uGEp","converted","2017-03-29 10:46:35","2020-11-05 22:49:24"
"241","872","zXlubMSqZF","active","2019-04-14 01:04:27","2019-09-26 06:03:14"
"242","836","QKvJ9gQQlh","active","2022-06-23 23:45:12","2023-03-26 06:20:23"
"243","443","CX1KKalXbX","converted","2023-12-14 05:26:56","2024-02-26 03:36:00"
"244","337","Q7GYM9rQiq","abandoned","2024-02-09 17:45:53","2024-08-02 03:24:57"
"245","214","HD1zwg2A2W","converted","2022-06-18 05:54:10","2024-04-10 11:02:18"
"246","819","SQ4HfTj6UR","converted","2022-10-17 15:45:51","2024-04-05 06:58:02"
"247","459","oEVq563HxA","active","2018-03-30 14:05:15","2021-04-19 18:01:26"
"248","222","LZBhAaUmns","converted","2024-07-21 19:51:07","2024-08-29 21:14:51"
"249","721","XJ6bVI4tCY","converted","2023-12-27 11:28:22","2024-06-05 14:13:31"
"250","822","3Rd7fM89ZJ","abandoned","2024-08-01 17:10:43","2024-12-14 00:42:12"
"251","97","uVdiVJ0qj1","abandoned","2022-12-18 10:50:23","2024-06-11 21:21:51"
"252","650","e9GLkUWaPS","abandoned","2017-04-12 15:31:02","2021-06-23 06:38:25"
"253","813","lgKu00BINO","active","2022-10-22 02:12:32","2023-08-18 11:44:25"
"254","954","wchLVsgOLo","active","2020-12-29 12:37:42","2022-09-19 15:21:54"
"255","505","fdmlbyNugt","converted","2017-02-01 11:22:42","2022-06-06 03:04:11"
"256","757","2TnXuRLdQa","active","2017-09-12 00:39:18","2024-01-30 06:01:16"
"257","965","wr0CO47bWX","active","2017-03-21 19:32:23","2024-10-18 02:13:49"
"258","428","bre75Yze5V","active","2025-09-23 18:43:20","2025-10-14 18:55:36"
"259","931","55L6AV1EuI","converted","2024-12-30 09:58:55","2025-03-16 04:50:09"
"260","644","vw9yiLT0wF","abandoned","2019-10-29 10:55:28","2020-02-09 15:35:53"
"261","45","saQofsJp7X","active","2016-11-30 11:36:37","2019-01-25 09:24:13"
"262","60","FZzP8Ypx5Y","active","2019-11-28 15:01:33","2020-07-17 14:14:37"
"263","997","4xYFBV1CbD","converted","2020-06-18 01:29:32","2021-04-05 17:19:09"
"264","983","SgFAkt0J4J","abandoned","2023-09-16 14:03:08","2024-10-16 07:49:06"
"265","330","Hr62QafxwV","abandoned","2025-05-09 19:48:06","2025-07-05 13:15:04"
"266","947","eHdc1C1g7z","abandoned","2021-02-12 04:34:32","2023-09-14 15:08:11"
"267","282","y3DZzflfpK","abandoned","2018-12-06 11:16:48","2025-08-07 09:21:12"
"268","769","G1A2SOKiG4","abandoned","2024-04-13 05:14:44","2025-06-07 02:12:17"
"269","882","0zfTsr2Lsp","converted","2022-07-19 13:04:50","2023-10-10 23:06:23"
"270","286","Fx5kELOJOo","active","2024-04-16 16:44:17","2024-05-30 12:36:16"
"271","756","A3hbINoXJw","active","2024-09-08 17:39:52","2025-09-13 01:18:04"
"272","300","Q2p3rpljxO","converted","2018-11-11 02:09:35","2023-02-14 18:05:05"
"273","400","PaAtJkyfxo","active","2020-03-03 19:15:22","2023-03-10 01:06:27"
"274","694","ISmsKodcTj","converted","2023-08-19 14:57:40","2024-05-22 22:01:36"
"275","178","a3F1eluwu0","abandoned","2024-12-01 19:12:49","2025-06-30 13:58:52"
"276","86","MeC3xRHJBp","active","2019-06-17 21:13:55","2023-04-01 00:35:47"
"277","332","KYc489TiT8","abandoned","2020-04-01 17:18:10","2025-07-07 00:32:15"
"278","124","8YIYpyiknC","converted","2019-02-12 22:36:28","2021-02-26 10:58:03"
"279","653","AFYFNlEIy2","abandoned","2025-01-10 02:04:36","2025-10-10 19:30:43"
"280","489","WxcFuIKZyH","abandoned","2023-02-24 06:27:22","2025-09-23 08:34:32"
"281","532","BPcN00UP7d","active","2017-01-02 02:29:17","2023-06-29 00:21:02"
"282","270","pZuxhJmtM9","active","2018-10-23 03:44:47","2024-09-08 20:43:06"
"283","539","qNRbv9OYjf","abandoned","2020-06-17 21:43:32","2025-01-18 10:36:31"
"284","358","z939d8tozf","converted","2018-11-23 04:22:17","2023-10-13 16:58:15"
"285","296","3rfXxbY0DC","abandoned","2018-01-15 09:56:41","2024-07-07 22:21:44"
"286","165","VcEbGi19lF","active","2016-11-08 04:00:10","2022-05-23 08:48:52"
"287","679","oDtVvAWEBE","converted","2023-08-31 18:09:01","2025-03-06 21:32:31"
"288","369","nTDaTC8cKU","active","2020-12-03 00:54:18","2022-02-17 13:13:18"
"289","291","9ZNg4NOF1p","converted","2020-12-14 05:44:27","2023-02-27 00:46:13"
"290","991","TnWPFVBOmA","abandoned","2016-12-18 19:03:10","2017-12-11 23:03:44"
"291","70","LtohZsUlmc","active","2023-08-17 11:48:04","2023-09-22 16:39:48"
"292","785","UDnN9nqLzA","active","2020-10-09 10:33:20","2023-10-02 07:01:38"
"293","927","pXoAJ5gjUj","converted","2024-05-28 02:36:15","2025-04-19 06:12:51"
"294","789","10yYO644wg","abandoned","2022-11-23 20:57:57","2023-08-04 20:24:14"
"295","230","yf652v3hYo","converted","2023-12-02 18:09:55","2024-01-21 06:25:06"
"296","977","Ve8FJ1vAVY","converted","2021-02-12 12:04:12","2025-03-21 12:55:24"
"297","14","reqtADzxTf","active","2022-07-03 05:46:57","2024-12-12 01:32:43"
"298","719","Ceu1m6dVLh","abandoned","2019-09-07 20:23:01","2025-06-20 11:09:33"
"299","49","weqkdHXO3e","abandoned","2022-07-22 08:54:24","2022-10-14 18:42:56"
"300","985","a9hGoFIOEC","converted","2020-02-27 06:05:17","2021-08-06 01:50:52"
"301","261","dRbdbtiqb6","active","2023-07-18 14:56:31","2024-10-01 18:15:20"
"302","24","7StutVNOI9","active","2020-10-21 19:12:41","2023-01-05 09:07:11"
"303","484","vctq3WwT03","active","2023-06-17 15:37:10","2025-05-17 00:32:07"
"304","11","sOaWLhAIuM","abandoned","2024-02-03 02:58:47","2025-09-11 06:12:00"
"305","392","9GuleWwyRW","active","2018-09-30 05:46:03","2025-09-12 21:45:04"
"306","983","dTYTpbMgd2","abandoned","2021-02-11 08:22:14","2021-11-07 21:56:24"
"307","504","A85OdE8JZE","converted","2025-05-10 00:25:34","2025-06-26 01:21:21"
"308","660","IgLqzw8isE","converted","2022-03-29 07:08:02","2022-05-10 07:30:55"
"309","965","scX4DT8diq","abandoned","2018-02-26 08:23:33","2021-04-17 11:56:35"
"310","405","sDn0yEkqfI","converted","2023-08-15 09:55:08","2025-02-05 04:26:24"
"311","456","nAjy2lMaVw","active","2024-04-08 15:34:05","2025-05-14 13:30:27"
"312","479","jiPOu6dKKF","converted","2020-03-06 18:02:40","2021-09-30 21:51:47"
"313","677","UShdpHVVi3","abandoned","2023-04-14 19:40:16","2025-06-18 15:30:44"
"314","881","ltVNR2PVj6","abandoned","2020-12-04 03:45:54","2023-06-03 22:25:44"
"315","914","p7OAIaYz0c","abandoned","2021-08-17 15:15:56","2022-03-23 14:45:30"
"316","188","YjpXKceISr","active","2025-09-11 03:38:48","2025-09-20 14:03:48"
"317","81","GjlNwFc9O2","converted","2020-08-09 01:39:14","2022-10-25 11:26:56"
"318","830","l4ZwhAhyBq","converted","2021-12-23 21:40:25","2024-10-25 23:31:51"
"319","545","4KUTyEN7V1","active","2024-05-03 02:52:23","2025-07-16 13:26:26"
"320","281","VAbesvP5DX","active","2020-04-04 22:04:43","2024-02-28 03:27:37"
"321","46","493DEvW8TF","converted","2021-04-30 09:41:53","2021-06-04 19:16:21"
"322","83","GETL7vIhoN","converted","2018-05-06 21:45:10","2021-05-10 06:19:53"
"323","316","5feEg4kHPs","abandoned","2025-07-12 23:24:39","2025-08-19 14:34:33"
"324","116","87EFlMUDcR","active","2019-10-01 21:13:37","2021-12-28 07:51:59"
"325","997","OxTKbDZav3","active","2021-01-15 16:33:04","2021-06-26 15:20:57"
"326","478","bD5nagG6l9","active","2017-04-06 06:30:48","2025-02-16 12:39:28"
"327","961","BQAsOLi3G1","abandoned","2021-05-30 09:44:40","2024-02-22 01:05:24"
"328","586","OwyPuWgw8B","abandoned","2019-08-26 23:02:45","2021-12-12 09:26:22"
"329","105","CktdA3Hgln","active","2022-10-03 06:08:26","2024-08-10 01:20:04"
"330","732","4H54ezMQVb","abandoned","2019-10-01 22:11:39","2020-09-06 06:54:59"
"331","330","w6wOHUH5mj","converted","2017-10-27 07:33:03","2021-08-09 05:02:05"
"332","537","U42AbeLWpm","converted","2020-09-07 15:41:22","2022-07-26 07:02:40"
"333","453","EcWnyppJ2C","converted","2025-06-03 10:25:05","2025-06-09 10:56:23"
"334","999","NrbxYLI2Xu","abandoned","2024-10-08 09:26:57","2025-07-12 05:00:29"
"335","873","cBxT8HNh0U","abandoned","2023-04-13 06:03:23","2024-03-21 23:17:25"
"336","658","wk4pKtzNyb","active","2023-12-09 20:36:47","2024-01-15 03:11:15"
"337","250","b6W1qOiJqV","converted","2024-03-09 06:14:55","2025-08-12 23:33:00"
"338","307","IOWBkLTdA4","abandoned","2020-12-15 12:28:17","2022-12-02 03:14:30"
"339","748","Ak6rAV90w5","abandoned","2023-03-12 21:31:39","2024-08-04 06:28:51"
"340","681","LwMQEe8zYj","converted","2025-05-05 02:41:32","2025-06-07 08:40:51"
"341","927","ETZVkupHuW","active","2021-11-29 12:14:34","2025-01-29 08:44:47"
"342","392","pZ7WdpdT7q","active","2020-06-10 13:31:38","2024-10-20 17:26:06"
"343","324","55FTxu61pI","active","2021-07-26 09:29:36","2023-11-17 14:36:44"
"344","264","fImQT5lRo0","abandoned","2021-07-27 23:26:58","2022-12-04 15:06:03"
"345","26","jYR43sR8i0","active","2024-06-29 20:38:25","2025-09-23 08:34:51"
"346","769","9eoA6b4EoO","active","2022-07-29 01:16:23","2022-10-08 13:37:31"
"347","308","p6ExwAemZH","abandoned","2017-10-22 03:52:10","2020-10-28 15:32:04"
"348","220","KcCxaqitun","active","2019-06-11 16:37:59","2021-08-12 14:35:12"
"349","602","CaiNfOIcIc","converted","2025-05-10 09:26:29","2025-07-09 21:46:01"
"350","39","lGyZIbfL5V","abandoned","2022-05-03 19:10:16","2023-10-16 13:08:21"
"351","820","PwRnkKn6lB","converted","2021-02-21 11:02:44","2022-02-15 01:27:25"
"352","528","pN3La047CO","active","2024-09-21 23:41:04","2025-07-28 09:22:03"
"353","432","MNJEFSFiiQ","abandoned","2023-05-08 22:08:34","2023-08-14 00:07:10"
"354","540","GWaUG0pjT8","converted","2022-03-13 14:15:05","2023-08-20 15:53:46"
"355","942","90Lk1dGihf","abandoned","2017-07-01 19:36:23","2022-12-18 22:24:16"
"356","944","KjbhltwOMN","active","2021-03-15 16:48:54","2025-06-22 21:57:33"
"357","726","lTcWgr4mlT","converted","2020-11-24 08:57:55","2025-09-29 04:11:05"
"358","66","a2UaD9GhqE","converted","2019-09-07 07:11:45","2023-12-24 11:45:42"
"359","747","iuUJnrbrbf","converted","2020-06-27 18:54:01","2022-03-03 04:17:25"
"360","867","YeGBAxKsrh","converted","2024-06-11 21:36:23","2025-04-30 11:53:53"
"361","966","mwzJC6cqsz","abandoned","2024-07-06 06:51:21","2025-05-11 15:06:50"
"362","771","guxV7OxUsc","converted","2019-08-13 07:13:50","2025-09-21 05:38:52"
"363","344","RfoutmhmKD","abandoned","2023-03-09 23:58:03","2024-08-07 20:11:43"
"364","374","Yd56xmgJg2","converted","2023-06-16 00:55:01","2025-08-10 01:19:12"
"365","840","Tdrchwy8gW","active","2017-01-30 13:18:29","2023-05-14 03:58:57"
"366","758","wXJlEbEHGW","abandoned","2022-06-05 02:26:25","2023-01-13 17:31:15"
"367","159","QGSRYuPEvP","active","2023-04-22 22:33:33","2023-08-19 12:14:30"
"368","376","fDvPclMf5J","abandoned","2024-11-12 16:40:15","2024-11-21 19:08:07"
"369","288","OHyPTd4ACm","active","2025-02-28 17:50:26","2025-06-19 12:16:48"
"370","289","DUWR9Om6f1","active","2021-04-21 06:28:56","2024-12-01 21:47:23"
"371","206","QrIu7ziIVl","active","2021-11-17 18:13:57","2022-04-01 08:54:19"
"372","280","wIFIejtifr","abandoned","2017-10-14 09:51:51","2025-09-07 06:21:57"
"373","139","KpQ8y0UBjE","converted","2021-04-01 17:55:38","2024-07-08 00:25:55"
"374","454","MxNs6gMryj","active","2024-05-09 21:36:58","2024-07-14 06:49:50"
"375","615","URujMMjgNK","active","2024-01-15 14:44:49","2025-10-06 07:19:52"
"376","491","f0cot4JENn","converted","2023-12-20 17:41:41","2025-06-13 07:40:54"
"377","3","KCf43UL5gw","converted","2020-08-22 05:53:24","2024-08-09 14:16:30"
"378","162","pryf2MBA5P","abandoned","2025-01-20 07:39:16","2025-01-23 04:23:20"
"379","973","mYJcmTOwki","converted","2018-05-12 05:01:35","2018-09-16 04:11:34"
"380","22","DREBxBVD0r","converted","2025-05-26 15:29:47","2025-10-09 01:31:28"
"381","612","JDHKMKmVx6","abandoned","2019-04-04 00:30:30","2021-04-12 21:50:26"
"382","233","yJV3V6EEp3","abandoned","2017-09-12 03:52:45","2020-04-13 07:33:59"
"383","843","obKv72PYdL","abandoned","2021-04-22 17:07:33","2023-08-16 13:40:06"
"384","12","6SGra3MNeW","converted","2022-11-15 05:49:31","2023-10-02 14:31:37"
"385","587","58wW9pAFlI","abandoned","2023-12-03 04:39:55","2024-09-26 04:16:28"
"386","443","xGBeTVULR0","abandoned","2023-04-02 02:39:22","2024-02-05 22:17:36"
"387","417","ZIiJ1C3qRu","active","2022-01-11 09:27:43","2023-03-29 12:21:55"
"388","896","zHo9IDRhE0","abandoned","2018-02-17 06:09:19","2021-03-09 16:12:19"
"389","239","c7VAP83Qlb","converted","2020-03-12 13:18:52","2020-05-30 18:51:20"
"390","127","p1kzDNLJmI","active","2023-05-28 21:34:12","2023-10-12 08:00:04"
"391","382","0TZaUE5Wy6","abandoned","2017-02-05 13:38:59","2020-03-07 16:51:04"
"392","235","93JzTSXSMQ","active","2021-08-01 16:46:12","2022-09-22 20:22:31"
"393","88","xQ8hvS6Cyy","active","2022-06-13 23:57:15","2024-12-24 21:31:54"
"394","155","1RxcbovjPN","converted","2021-11-25 22:31:50","2024-12-31 10:32:12"
"395","503","bNEBH6AUdU","converted","2022-07-19 15:05:56","2023-07-19 06:14:11"
"396","75","ri9t5NPF6C","active","2017-02-27 01:55:23","2018-03-30 00:21:37"
"397","822","72dSo9qPO9","active","2022-06-14 10:21:16","2025-03-27 10:30:18"
"398","358","8tH6bUFzmp","active","2017-07-25 21:05:54","2024-05-21 01:29:30"
"399","578","hiiBmc0YhS","active","2018-05-20 13:39:26","2020-01-31 00:04:59"
"400","922","rY0l0VF6SX","active","2020-10-27 12:44:19","2022-02-01 00:15:05"
"401","172","EPAsLKShie","active","2022-04-20 22:24:15","2025-06-27 17:39:54"
"402","862","A9CuYvdePU","abandoned","2018-03-16 12:27:01","2018-03-26 15:00:41"
"403","525","sK9Xo7yCQV","converted","2023-04-29 20:06:05","2024-03-22 15:45:11"
"404","669","YcjuEwXBAe","converted","2021-08-17 06:05:51","2025-06-09 06:50:50"
"405","834","zcqggJCgzY","active","2019-08-01 08:48:54","2020-12-27 05:44:07"
"406","447","J40MjsE0NY","active","2024-01-30 15:05:33","2024-05-29 04:43:26"
"407","257","1Yn8dr4kR9","abandoned","2023-06-17 05:24:25","2023-12-08 02:33:27"
"408","441","SyuQmpuyjp","converted","2022-07-24 19:38:50","2024-06-11 12:44:09"
"409","14","4hs9kk1b2b","active","2022-06-23 06:52:38","2024-08-03 15:12:26"
"410","385","UX1nbDp9ax","converted","2017-05-07 00:39:33","2021-02-01 12:53:03"
"411","187","07PR170bdd","abandoned","2023-05-31 15:35:34","2024-02-08 08:33:11"
"412","798","Zh9soud2j6","active","2021-07-04 14:09:35","2022-06-04 06:21:14"
"413","323","nJqC05djsW","converted","2019-06-07 18:51:20","2024-09-21 18:34:31"
"414","896","echkn1n6O2","active","2024-04-02 14:30:16","2024-05-28 19:07:17"
"415","358","yZWSyejlL1","converted","2019-05-31 05:39:52","2022-10-05 01:57:13"
"416","127","QiUhRZt2ZQ","abandoned","2024-06-03 06:55:42","2025-06-17 17:17:02"
"417","103","JpCceaBdnp","converted","2021-05-01 13:45:15","2022-12-06 10:19:51"
"418","446","dYxpKz7fJq","active","2024-08-14 19:41:49","2025-06-08 13:29:53"
"419","638","nGeMky5Hu7","abandoned","2017-08-30 14:12:21","2019-08-11 20:56:59"
"420","225","RPcy216qzZ","abandoned","2019-03-16 18:45:51","2024-06-25 17:01:35"
"421","302","dZpo81Cd9T","converted","2018-08-11 00:42:46","2019-06-13 02:34:08"
"422","461","zT83NNRLE5","active","2018-08-21 01:07:20","2020-06-09 17:01:48"
"423","825","eqX516SvQD","active","2021-04-10 19:01:20","2025-07-24 08:17:47"
"424","684","odrY6BiQ7s","active","2023-03-18 10:27:08","2024-08-09 06:35:39"
"425","500","IY52PHwn6O","active","2023-05-06 05:06:29","2025-07-15 10:07:13"
"426","878","1lI7SiKjBG","abandoned","2024-12-01 04:38:38","2025-06-03 09:42:07"
"427","785","aWDwPOHwLz","converted","2023-04-21 06:45:06","2023-10-21 11:30:22"
"428","269","4W2UPwU2ZH","active","2024-01-02 06:32:55","2025-03-11 11:25:57"
"429","426","T5T84Tcgwd","abandoned","2021-11-20 10:38:11","2023-11-02 02:01:16"
"430","81","ebOiy8H46X","active","2023-06-27 12:32:57","2025-07-04 00:52:52"
"431","858","vRgwKNVX9a","active","2021-07-02 11:54:23","2022-09-28 04:57:37"
"432","380","18aC48gUK0","abandoned","2023-10-19 02:33:09","2024-10-22 03:50:36"
"433","360","mNdNaR0Zkd","converted","2021-05-22 14:56:37","2024-04-15 04:01:54"
"434","391","6HsPliizkF","abandoned","2018-03-01 23:29:52","2019-04-13 20:53:41"
"435","220","Jccg5DDJte","active","2021-09-26 15:14:37","2025-08-18 05:34:30"
"436","312","BUD4vneD8Q","abandoned","2022-07-17 02:32:52","2023-07-23 10:42:11"
"437","36","a5vk93qDuK","active","2023-05-06 15:25:08","2023-11-26 20:52:23"
"438","678","m56CwW2wnG","converted","2018-07-28 06:44:55","2019-10-02 12:36:25"
"439","318","booeTUVJsL","active","2018-01-25 17:06:18","2021-03-28 19:35:28"
"440","534","LnLZegznQy","abandoned","2017-11-01 10:30:09","2025-07-16 04:17:45"
"441","777","K2lzpzUnoS","active","2024-03-06 22:47:42","2025-07-20 13:50:26"
"442","363","rcYB4KBQPD","active","2022-03-28 17:07:03","2023-03-15 10:04:37"
"443","125","hXAK2pF3C4","active","2020-07-25 23:54:14","2020-09-04 04:53:17"
"444","180","pB0qBp41Zp","active","2018-05-24 03:11:01","2021-01-16 16:00:35"
"445","672","KYvuaiWuCN","abandoned","2019-04-14 18:00:46","2023-08-31 13:56:20"
"446","930","IPX2tc2dbo","abandoned","2019-01-08 15:18:51","2022-12-30 05:20:51"
"447","663","HDs08aN35U","active","2024-10-16 06:22:59","2025-07-29 05:58:02"
"448","184","fFX8Nstd0v","active","2024-05-13 14:05:46","2024-12-12 02:15:20"
"449","556","1C880jLFdG","active","2018-05-20 22:31:21","2022-07-27 13:15:24"
"450","347","XrLLjpeKn7","active","2017-12-22 03:51:25","2019-04-18 12:10:59"
"451","916","FZ65ifcdV6","abandoned","2017-11-05 19:09:09","2018-05-14 13:56:05"
"452","478","20XtZLODUL","converted","2020-11-21 11:36:43","2022-08-27 02:29:42"
"453","646","2ogxLNYAKc","converted","2018-04-14 17:31:06","2025-02-21 08:36:43"
"454","693","9lOdyE1J4E","converted","2017-11-19 12:43:59","2025-06-25 07:11:05"
"455","53","cIHjVtO45t","converted","2021-11-18 02:36:34","2022-06-09 02:41:29"
"456","325","2DK6wAJTCv","converted","2022-09-09 08:10:50","2023-09-03 05:09:40"
"457","305","elF5sW4fOU","active","2017-12-04 04:46:34","2021-07-04 11:42:23"
"458","263","SGhb0FbpSg","abandoned","2022-02-17 12:06:11","2024-12-15 05:39:21"
"459","202","Okrl2RQOzA","converted","2019-12-27 21:40:15","2023-06-21 22:21:04"
"460","198","nztyBjc3rB","active","2020-06-09 16:13:24","2021-04-08 16:34:16"
"461","764","bSoc6UuVa2","abandoned","2020-07-09 11:48:13","2024-10-24 00:30:42"
"462","638","03nYp9YgJi","converted","2025-07-24 18:00:03","2025-08-16 05:50:05"
"463","813","0k3LbtZ07K","active","2017-01-31 00:03:20","2023-10-27 07:00:54"
"464","891","Lk2U0KqnE9","converted","2018-08-02 09:40:23","2025-04-14 05:10:25"
"465","339","1eCak2gTrD","converted","2023-10-21 18:01:57","2025-08-16 00:32:45"
"466","583","b3APOMKwT1","converted","2019-04-16 12:09:04","2023-04-22 22:43:55"
"467","38","DsHFS3LUPg","converted","2025-09-28 14:20:45","2025-10-11 04:13:35"
"468","180","L8X3h0Mu0R","abandoned","2024-04-03 17:44:45","2025-03-17 12:42:33"
"469","686","O0fFe77Kq1","converted","2023-01-19 05:39:34","2023-12-21 19:31:55"
"470","708","lNjiVG7zfq","converted","2019-03-13 16:54:18","2024-10-17 05:09:38"
"471","266","uzQsxnRJX1","active","2022-06-21 04:46:59","2025-10-14 09:52:29"
"472","875","sJJJOIBDzw","abandoned","2017-12-14 14:43:05","2025-10-05 20:33:23"
"473","739","fAVShT3ZnK","converted","2025-09-20 12:18:37","2025-10-04 11:24:35"
"474","119","kNtSmXQMGT","abandoned","2021-04-25 00:47:33","2022-12-09 10:30:29"
"475","305","DPZjFhfGcG","converted","2024-11-03 01:18:31","2024-11-25 07:17:29"
"476","481","Bk6bKCOkvy","converted","2018-03-24 22:20:30","2022-08-22 04:29:46"
"477","70","7fm4o81hb3","converted","2023-04-04 09:49:19","2025-09-29 14:40:24"
"478","671","U6brMxJve5","converted","2017-04-22 05:35:23","2019-08-15 21:54:42"
"479","472","AthO07RLVb","active","2022-05-14 09:03:19","2023-08-07 10:14:48"
"480","73","y6kPoDOTX4","active","2020-08-20 09:35:47","2022-10-28 02:40:39"
"481","725","oBSykphuLP","abandoned","2019-06-01 00:09:43","2024-09-26 00:39:32"
"482","418","qKfad8NIwp","active","2020-11-25 09:44:16","2025-05-22 07:19:06"
"483","636","XZmVOwlZVY","active","2024-04-18 21:40:52","2024-09-28 03:38:12"
"484","509","A03ZsFifbN","converted","2018-01-23 23:02:30","2021-05-24 21:11:00"
"485","493","jmvXOSqyjT","abandoned","2025-10-04 16:39:54","2025-10-11 19:48:27"
"486","943","j7IBftoTmh","abandoned","2018-12-07 15:16:39","2023-07-30 19:17:30"
"487","777","HsMQksDbLs","converted","2016-12-27 17:51:20","2024-12-10 11:53:09"
"488","258","oeGOvru9Ct","active","2018-09-06 19:02:00","2020-11-25 01:11:59"
"489","305","fW1NzPiDbA","active","2019-01-16 07:47:37","2021-04-02 01:52:08"
"490","698","UafwOg5nGW","converted","2024-11-05 08:46:00","2024-11-09 22:12:15"
"491","719","fnNnWvprZf","abandoned","2018-04-16 06:55:35","2022-01-08 23:04:00"
"492","38","cZhaVGlsnw","active","2019-10-20 00:34:26","2022-06-23 00:53:31"
"493","420","1XRLt8VIc5","converted","2022-01-24 14:46:41","2022-10-14 19:58:24"
"494","93","jaffxpYrDM","converted","2023-10-20 07:30:19","2023-12-05 18:47:50"
"495","652","85AN6vfgwS","converted","2017-12-17 06:21:59","2025-07-08 16:16:41"
"496","705","cc6JI5slrk","converted","2020-12-23 10:27:13","2023-07-06 19:50:53"
"497","363","JsuyUTAOL5","converted","2021-03-17 09:26:41","2025-05-05 22:24:48"
"498","364","iIj15zVD9H","converted","2023-09-19 02:31:21","2024-02-07 18:33:31"
"499","167","8P6QheGOUT","converted","2021-07-21 20:15:39","2025-03-08 21:57:53"
"500","491","L9oObHSckq","abandoned","2019-05-09 06:18:56","2023-11-02 00:44:01"
"501","319","Rhd3nFIhKZ","converted","2021-03-20 05:44:32","2023-12-06 06:46:23"
"502","236","e9xncYHfqL","abandoned","2024-02-26 08:52:21","2025-01-20 00:02:30"
"503","292","umma66TvX6","active","2018-11-26 12:47:28","2019-11-15 05:53:36"
"504","423","3hwFlvRPqS","converted","2022-04-01 22:20:17","2025-07-17 08:10:28"
"505","312","sPLzQlzNX8","active","2017-03-18 06:10:03","2023-02-09 22:21:29"
"506","516","iE7WqVATmp","active","2022-08-06 16:59:30","2024-08-27 09:53:38"
"507","886","wjcOzuK9YP","active","2022-12-18 07:34:13","2025-10-03 13:46:13"
"508","241","hTPPkYKfRT","active","2017-07-08 09:10:19","2021-07-12 02:54:08"
"509","323","8v60SvDa2q","active","2021-01-24 16:58:28","2022-11-20 16:25:53"
"510","873","h6V49g4XE4","abandoned","2025-08-19 22:14:58","2025-09-24 01:25:13"
"511","35","iAoPjKaXCy","active","2018-11-18 06:53:35","2022-10-01 04:10:32"
"512","32","VgyOTxebhp","abandoned","2024-05-25 21:11:30","2024-06-12 05:47:44"
"513","211","OhWtVTpk97","converted","2025-05-01 02:18:29","2025-06-04 13:11:42"
"514","931","RAtErNXMUy","abandoned","2019-03-19 12:07:42","2019-07-31 04:12:03"
"515","795","MXAqbYE7fE","active","2024-05-28 05:43:57","2024-07-18 03:33:10"
"516","786","rNlH6B8sOJ","abandoned","2023-10-07 10:05:25","2025-06-02 03:17:32"
"517","350","nFXBnSe2aM","active","2023-07-14 12:16:36","2025-10-08 23:59:51"
"518","83","XI0KGjEXOq","abandoned","2023-05-19 01:20:00","2024-07-05 13:13:43"
"519","92","5KGWnyvPnN","abandoned","2024-09-17 19:19:11","2025-03-13 01:49:29"
"520","749","t8OMlmr2b4","abandoned","2023-06-17 04:34:53","2024-09-20 02:54:07"
"521","952","YYvlaOlVkY","active","2023-07-29 10:51:01","2024-12-29 10:27:07"
"522","478","DEPkL6xoio","abandoned","2022-12-20 04:02:39","2025-02-14 09:54:06"
"523","336","1a6NCaSkxq","converted","2019-05-27 19:34:15","2024-06-17 18:19:15"
"524","915","OHcoUoRFd2","converted","2018-09-07 02:49:27","2019-11-20 06:59:02"
"525","306","tN1Y5nu6fj","active","2022-09-08 12:14:58","2024-04-10 07:31:41"
"526","938","gmkNBnXrsi","abandoned","2021-01-31 09:01:53","2021-12-19 21:39:42"
"527","367","YBUDbaCIsy","abandoned","2024-12-16 04:34:31","2025-08-26 17:54:32"
"528","271","XntF7YHans","converted","2021-03-11 15:55:02","2022-09-14 07:51:38"
"529","427","irdzv7v5BT","active","2018-06-02 05:41:06","2024-02-02 01:10:04"
"530","618","4jHZ66ulet","converted","2022-08-09 15:07:31","2022-10-06 04:29:18"
"531","346","OM1q44lEnT","active","2024-03-22 15:44:52","2024-09-28 05:48:23"
"532","568","88hDU3DmYx","active","2025-02-06 02:53:47","2025-05-04 19:07:14"
"533","931","2uDr81Ioft","converted","2017-10-11 08:41:05","2022-05-04 03:05:53"
"534","162","C30Vo5L9qg","abandoned","2019-07-31 13:28:52","2025-01-07 08:48:53"
"535","620","2e3TTBdgDU","converted","2017-11-29 07:51:19","2021-12-31 14:26:18"
"536","926","nTwraOfHG8","abandoned","2022-09-07 08:18:25","2023-08-15 12:02:06"
"537","444","vqEAduOpuu","converted","2022-05-03 23:52:48","2023-08-16 19:00:07"
"538","912","DUCKMcB9wM","converted","2017-10-11 01:50:12","2022-10-01 18:53:50"
"539","900","QdmovY1AJE","active","2018-05-14 11:08:25","2020-10-05 14:47:06"
"540","33","G4N48N9BXc","converted","2025-09-12 18:11:06","2025-09-22 08:00:13"
"541","664","bq8talQr4q","converted","2025-04-13 16:21:21","2025-09-16 06:03:57"
"542","680","0s7aLBgsE1","converted","2022-05-26 12:19:27","2025-09-23 17:44:30"
"543","404","BQFFxiq9HD","active","2019-07-20 11:30:15","2021-06-20 11:08:19"
"544","8","yUHQh4Qs0O","converted","2022-10-25 17:05:46","2025-05-21 18:10:29"
"545","255","3CPMejI1fY","converted","2022-07-23 02:52:26","2025-05-19 19:11:24"
"546","339","txIaaJHH0o","abandoned","2023-02-11 11:19:03","2024-04-01 06:36:53"
"547","977","8k9TSTH18G","active","2018-05-02 11:01:58","2018-08-14 13:18:51"
"548","619","046kaF8yck","converted","2021-06-05 19:46:13","2023-05-24 03:22:20"
"549","106","Kh3puelIry","active","2019-03-18 10:01:38","2024-03-15 12:58:17"
"550","628","ll991I81sW","abandoned","2018-07-25 03:10:44","2019-05-16 04:38:39"
"551","761","PDmvEC2Wxq","converted","2024-06-13 03:59:27","2025-08-21 07:14:51"
"552","132","hT0iTuocyv","converted","2019-08-28 12:55:07","2022-06-07 04:48:51"
"553","204","Ohxsy7m02r","active","2018-09-03 19:54:25","2022-05-11 05:57:45"
"554","241","RfRTLjOCal","converted","2018-09-27 10:02:27","2023-07-13 02:06:23"
"555","723","wZit78CQot","active","2025-01-28 07:20:48","2025-04-05 06:22:53"
"556","370","iGeXjntXBK","abandoned","2019-05-10 12:14:28","2021-12-11 06:43:29"
"557","231","P7JN5O8fq0","active","2019-04-18 00:21:36","2024-07-24 17:58:19"
"558","955","yO3zs9SvTd","active","2024-06-30 23:47:20","2025-09-05 11:58:37"
"559","587","9MBq8ogAIC","converted","2022-09-08 07:37:26","2024-12-31 18:38:25"
"560","215","l37odRkFiZ","active","2023-06-18 17:31:16","2024-02-01 03:48:10"
"561","187","5Ik1yOLYgz","abandoned","2022-08-23 14:29:45","2025-10-15 08:50:52"
"562","479","eINOkXzdj3","converted","2017-05-20 16:27:39","2025-01-27 20:48:15"
"563","220","G82oHcRlAP","abandoned","2018-10-31 20:14:42","2023-03-14 23:15:38"
"564","483","1cEsPlsKX7","active","2024-08-18 08:59:29","2025-08-22 12:29:18"
"565","685","gC1p5lhiHS","active","2021-06-03 04:03:44","2023-12-03 01:58:53"
"566","958","WuveVTwNkc","converted","2019-07-13 11:42:50","2020-08-05 03:39:17"
"567","936","xTApcAeihU","abandoned","2019-05-30 03:11:25","2023-03-22 07:10:08"
"568","160","tftW59JsDx","active","2024-03-16 01:29:08","2024-10-08 20:05:29"
"569","722","qGAulnk1ml","abandoned","2017-01-10 08:32:43","2022-06-23 06:39:44"
"570","823","BlMMpJUWe4","converted","2021-02-16 20:17:25","2025-09-14 21:10:37"
"571","555","EukgcB4An4","active","2018-06-05 19:41:20","2022-10-23 09:33:56"
"572","71","91Wxc7UzwQ","abandoned","2018-07-31 02:44:18","2019-02-11 07:43:24"
"573","368","QYrIEMiDZh","abandoned","2021-03-24 04:08:21","2024-02-16 22:08:21"
"574","218","hE748pRLGX","abandoned","2018-09-17 12:06:31","2020-07-21 04:26:36"
"575","476","hfuvwuCaDI","converted","2025-10-14 23:08:51","2025-10-16 13:58:45"
"576","29","urBEcO0YHO","active","2023-10-07 06:52:44","2024-03-09 14:44:52"
"577","944","DiX7JTDCuW","active","2025-08-21 10:16:31","2025-08-24 12:19:26"
"578","906","BRrxmixUMl","abandoned","2021-09-17 23:16:41","2025-07-10 16:48:47"
"579","53","Yr7y8Exzw6","abandoned","2018-05-21 03:59:14","2020-08-23 13:58:33"
"580","386","qTolucltdS","abandoned","2021-09-11 10:24:44","2022-05-18 02:07:31"
"581","84","xojEHHJk9e","abandoned","2021-02-23 10:50:01","2021-05-04 18:13:15"
"582","98","1EFTVQI3vS","converted","2020-11-19 16:00:37","2022-09-05 15:48:50"
"583","498","e7Ir8MnH0V","converted","2018-08-13 09:41:28","2023-05-22 10:57:39"
"584","665","3kbglXhaxL","active","2025-07-26 16:05:41","2025-09-12 19:33:53"
"585","678","NThhNTJDlo","converted","2025-10-02 10:09:50","2025-10-09 23:25:20"
"586","356","K3n4I2fPaZ","converted","2025-06-19 15:39:50","2025-06-29 12:36:41"
"587","956","7j3BSKwbG0","abandoned","2019-11-17 19:40:52","2023-05-22 10:58:25"
"588","252","8UKkVlNTMq","converted","2019-07-19 12:54:03","2025-02-09 14:59:33"
"589","3","3KIZgHfUnc","abandoned","2024-08-07 20:26:39","2024-08-20 15:39:13"
"590","647","f2lkZbnoil","active","2018-05-05 09:18:38","2018-12-28 04:36:53"
"591","674","w1qQ4b8egA","converted","2019-03-10 18:42:35","2024-10-02 06:12:53"
"592","367","Y8HMCClN32","converted","2022-08-25 11:50:38","2025-07-22 00:33:09"
"593","513","CEAsfcwHC3","active","2021-11-22 14:36:07","2023-01-15 14:57:25"
"594","856","YNMSk55jh9","converted","2021-02-13 05:08:45","2022-05-06 01:57:12"
"595","477","iwLHM2tNxi","active","2019-09-01 15:26:06","2022-03-25 08:57:59"
"596","224","agECgbb7KN","abandoned","2018-02-06 07:11:01","2023-02-09 07:19:36"
"597","188","DycJfh92xt","converted","2021-08-24 03:27:19","2023-11-14 10:26:15"
"598","555","NQDUGssk4b","abandoned","2018-06-21 07:18:40","2022-06-01 13:06:17"
"599","334","rY49qrL8v1","converted","2018-02-21 14:59:05","2024-07-07 05:34:35"
"600","326","ZrAkltoh5T","abandoned","2022-01-04 06:58:14","2022-06-15 03:54:25"
"601","659","Fz5uI5mU73","abandoned","2023-11-21 11:36:15","2025-09-05 00:19:49"
"602","843","Kx8tdz5Jmz","abandoned","2017-01-11 11:08:29","2020-11-30 00:39:13"
"603","983","MZl7BGHR9f","abandoned","2023-02-27 03:27:41","2024-06-12 23:17:17"
"604","60","MCWbb9mRDf","converted","2021-09-09 22:35:22","2023-11-16 06:04:54"
"605","110","esT4NuWg1L","converted","2017-07-30 21:24:01","2025-01-26 22:46:22"
"606","8","WZX0z8pc8h","abandoned","2019-11-27 16:22:12","2020-12-18 04:10:44"
"607","636","PKUWRrdtpQ","converted","2024-10-16 21:56:04","2024-12-19 06:11:05"
"608","529","oRVIubLodj","converted","2024-02-03 18:23:44","2024-09-19 02:34:48"
"609","368","Qnkfe1uuhu","active","2023-03-13 00:36:34","2025-09-09 11:22:57"
"610","308","QO91cCyB0v","active","2019-10-15 00:11:58","2023-07-30 17:10:12"
"611","247","Vl8qWpeLGM","abandoned","2018-07-20 22:50:16","2023-06-16 21:32:34"
"612","162","9lHo0lEQoc","abandoned","2025-01-27 22:04:25","2025-08-13 14:35:32"
"613","440","uUjxBHaURY","active","2017-11-15 06:15:38","2024-01-20 19:28:47"
"614","620","JEG3zFlHDn","abandoned","2021-10-23 14:13:59","2022-01-19 14:43:03"
"615","996","jhgS7f5Wko","active","2020-06-26 10:21:44","2021-03-17 11:10:53"
"616","451","mGCYizqkKg","converted","2025-10-03 20:57:42","2025-10-13 13:06:12"
"617","556","RRkXzmbyN0","abandoned","2024-04-21 06:43:59","2025-02-19 08:58:02"
"618","517","TnR0kjwDtS","converted","2018-12-28 10:05:48","2020-01-07 01:12:23"
"619","705","JGwu31fmI5","converted","2023-05-26 21:38:10","2025-06-17 21:43:28"
"620","648","E8Q8vE8ELp","abandoned","2017-10-09 20:40:23","2025-05-01 05:51:01"
"621","140","ik6qjehuAk","abandoned","2025-04-23 07:50:08","2025-07-27 16:33:37"
"622","782","TLFhJ0tUuf","abandoned","2024-10-31 23:02:09","2025-03-30 07:54:47"
"623","745","DumOrpoQyG","converted","2023-10-04 08:55:52","2025-01-18 02:00:35"
"624","427","n1ZxTlmbm6","converted","2021-08-26 06:57:32","2024-01-22 10:04:31"
"625","243","ZLHraUh2io","converted","2025-07-26 08:34:19","2025-08-03 23:33:13"
"626","685","vhhx8yL2jS","abandoned","2019-12-18 14:00:51","2023-03-17 06:11:19"
"627","406","5bn2ZAS5ag","abandoned","2025-08-06 12:59:41","2025-10-16 23:18:30"
"628","876","ZpZBEZBFv2","active","2020-12-21 21:19:27","2021-02-22 21:57:12"
"629","225","JXsO8as6xu","converted","2024-02-29 03:32:06","2024-08-24 15:47:23"
"630","924","JeM4tShX1s","abandoned","2022-07-20 18:21:53","2022-12-18 07:22:57"
"631","467","HlGhe867eH","active","2022-10-02 14:28:16","2025-05-07 10:37:46"
"632","831","qzFyeDt6Zx","active","2020-01-08 00:06:38","2024-03-26 05:28:48"
"633","408","wh5IZ2DjhJ","active","2021-03-26 02:54:18","2021-11-18 18:33:18"
"634","245","lN8u6LkUrM","converted","2022-10-14 16:05:03","2023-11-16 16:09:44"
"635","685","UIWknt3YeO","abandoned","2023-02-14 18:20:42","2025-02-28 19:23:52"
"636","434","YQ81eOMqrF","converted","2021-04-28 14:31:05","2021-09-17 15:32:13"
"637","586","beM8a22677","active","2022-11-06 02:01:55","2023-08-08 10:51:13"
"638","926","NV2X0eJ41U","active","2023-01-04 06:28:58","2025-08-08 09:15:37"
"639","583","xQxCxBSZ9l","converted","2018-07-16 21:24:12","2025-04-10 16:31:16"
"640","378","HMMXPyoYF2","converted","2020-06-22 18:31:32","2024-09-10 18:42:35"
"641","139","ROlfQHPg0q","active","2024-03-06 01:18:50","2024-05-26 02:16:00"
"642","766","Q0fJrX4iJ7","active","2023-09-27 10:39:11","2025-08-13 05:59:03"
"643","736","CKK15rBPNL","converted","2025-04-22 04:41:15","2025-09-23 22:38:02"
"644","728","3ZJm51BwxY","active","2019-04-27 03:51:55","2023-01-23 05:56:57"
"645","377","vKhauFyaqX","converted","2023-03-05 21:23:14","2024-02-01 23:35:55"
"646","800","B608mKohXw","abandoned","2024-05-08 01:43:09","2024-06-12 02:33:18"
"647","481","azPV5pKmNG","converted","2017-05-02 07:19:57","2025-07-09 12:42:28"
"648","92","z1Z5UF2rdd","converted","2019-05-31 20:38:38","2022-06-29 15:23:34"
"649","85","TJPJgdkFQS","converted","2017-05-10 20:23:09","2022-11-28 01:03:37"
"650","224","0Rk9m67lMs","converted","2018-09-22 09:14:03","2020-11-06 20:03:54"
"651","837","h5ahJiC32C","active","2024-06-16 15:52:57","2025-06-12 10:19:00"
"652","734","xoTuOb7cZD","converted","2025-03-24 17:16:39","2025-09-23 15:24:42"
"653","233","kOvBaK03RL","active","2023-12-15 23:43:42","2025-02-08 06:53:28"
"654","698","0ayMO0vROF","abandoned","2022-06-23 21:37:04","2025-07-27 05:44:39"
"655","398","cVlECtefxS","active","2020-11-08 05:58:13","2023-12-10 02:52:37"
"656","16","6PZxDq7Fue","abandoned","2018-11-29 11:40:31","2025-05-10 16:53:23"
"657","554","6GncZ6EpcS","active","2021-05-14 06:05:37","2025-07-06 08:25:45"
"658","576","R46p8eON8a","converted","2019-11-14 12:14:08","2025-03-29 14:27:13"
"659","876","ckSuBVynbI","converted","2019-06-03 23:38:29","2020-01-22 16:30:24"
"660","599","oR536U14cQ","active","2023-05-20 03:12:27","2023-09-25 00:28:22"
"661","703","mmBHm3cNFb","abandoned","2021-03-17 18:53:29","2021-11-18 15:13:20"
"662","994","LFYPqRVhpz","converted","2019-10-19 14:10:37","2021-02-23 10:30:59"
"663","797","L0VjrbgOY7","abandoned","2022-04-10 21:35:48","2023-10-20 07:02:05"
"664","849","QXIRQCq4ZN","abandoned","2021-11-06 18:24:48","2024-10-13 18:08:26"
"665","475","orrHesxuPK","active","2024-06-08 05:23:18","2024-11-03 16:22:32"
"666","11","ZEqcCbNWnP","abandoned","2023-06-16 19:08:16","2025-03-28 20:14:49"
"667","318","cTDoetqKCi","converted","2023-05-30 04:18:17","2024-10-09 03:05:21"
"668","120","hCCwJ1lcEw","abandoned","2021-09-11 02:12:14","2024-07-17 14:08:20"
"669","998","g91L5AAs1I","active","2020-06-27 14:18:00","2020-11-23 06:08:36"
"670","410","U11TnxPFPq","abandoned","2024-03-24 12:40:33","2024-08-27 23:30:14"
"671","125","cZXja82E4P","abandoned","2023-06-05 00:02:40","2024-04-16 12:40:57"
"672","866","SVy5V3tStw","abandoned","2023-09-10 04:06:00","2024-01-01 20:12:53"
"673","379","gH0BHM5eZS","converted","2025-04-28 18:09:07","2025-08-26 05:44:27"
"674","121","O7y5hDRVdX","active","2024-08-30 09:43:15","2025-06-03 11:41:12"
"675","636","khiy2hirV8","abandoned","2018-05-15 00:54:29","2024-03-16 20:16:05"
"676","103","c9Yl0Qn3AA","abandoned","2019-07-04 00:45:59","2022-11-26 15:18:53"
"677","126","iqbPKWPLtp","abandoned","2022-11-02 18:27:28","2025-09-19 16:03:02"
"678","372","95abzHmAo3","active","2017-03-10 19:13:06","2024-12-16 13:30:26"
"679","255","bhaVNw7lw8","active","2019-05-26 01:02:38","2020-06-19 13:33:00"
"680","244","drJ2V9V9LX","active","2021-08-02 02:33:04","2023-09-05 19:35:41"
"681","934","lUGqIBKX85","abandoned","2018-01-03 01:57:39","2018-07-22 01:10:32"
"682","293","DdJVRVClmg","active","2024-05-02 06:21:05","2024-10-06 02:39:51"
"683","364","h5sdNCkZ8k","abandoned","2019-02-06 03:15:26","2022-01-08 09:19:46"
"684","666","ffqidgZysq","active","2017-04-18 17:51:53","2021-08-29 14:09:54"
"685","889","zViaFmAEBv","active","2019-02-03 00:32:14","2024-02-24 04:31:44"
"686","189","9Tm3cfszpf","active","2025-07-01 13:34:40","2025-09-15 18:45:31"
"687","999","NPyMOsIkt6","abandoned","2017-10-20 07:54:56","2023-09-08 02:46:29"
"688","688","En05HcpVzg","active","2017-03-20 17:03:26","2019-04-30 00:01:49"
"689","545","Ix7TIKsGTP","abandoned","2017-05-26 14:51:18","2023-06-15 09:56:51"
"690","617","NsFiTlwSsK","abandoned","2024-12-19 01:21:02","2025-06-30 09:17:15"
"691","523","ublCzZ0Gmg","converted","2024-05-17 12:59:22","2024-09-09 04:33:18"
"692","41","Xa6wMBof7d","active","2021-10-03 12:48:59","2025-06-23 16:38:16"
"693","477","uxERH3ag3k","abandoned","2025-07-13 01:06:08","2025-08-09 21:25:54"
"694","541","iBtsxF1w49","active","2017-03-04 20:07:16","2017-06-05 01:36:22"
"695","973","vSpVa8X2J0","active","2018-11-18 05:41:03","2022-02-11 18:05:19"
"696","638","RNocOISx8F","abandoned","2021-07-04 13:07:22","2023-05-01 21:41:49"
"697","919","wHbxarjTR0","converted","2023-03-09 23:49:20","2025-02-26 11:11:36"
"698","855","NFXrwqGoRJ","active","2025-08-13 08:02:43","2025-09-12 21:20:35"
"699","881","jwwlNEOnCe","converted","2016-12-28 06:52:04","2017-10-22 07:38:34"
"700","5","NEOKE4MvZ6","active","2021-10-11 18:56:06","2024-02-19 23:04:20"
"701","725","osW7AowUEU","active","2023-08-31 13:35:47","2024-01-29 00:12:03"
"702","576","L7TsGUwrvk","abandoned","2022-02-04 17:55:22","2023-11-22 03:24:56"
"703","354","cqr5n6sy3R","converted","2024-03-27 06:06:12","2025-05-20 15:12:40"
"704","577","6lg1rRjVmB","converted","2023-02-18 22:56:23","2024-07-16 03:34:14"
"705","380","TnkreHyrAD","active","2024-05-04 03:16:04","2025-02-25 03:55:12"
"706","993","XHMphTmaBj","abandoned","2022-01-10 16:11:58","2025-08-28 02:27:24"
"707","359","MhKDG7pJfy","active","2022-08-05 20:46:16","2022-12-07 11:18:26"
"708","3","JdErozXoXk","active","2019-01-17 20:43:49","2020-09-14 02:39:16"
"709","812","29Yb29FqmJ","converted","2019-04-15 08:47:08","2020-01-18 19:27:32"
"710","610","88OBOTxzKQ","active","2017-01-10 15:22:30","2019-08-21 11:40:01"
"711","137","5cIt46MjfR","abandoned","2025-02-07 20:36:46","2025-03-30 06:41:37"
"712","157","Bm68e0OT7e","converted","2020-12-06 01:42:17","2024-07-19 11:06:42"
"713","867","oKbYe5Z87n","converted","2019-12-01 06:09:11","2024-04-30 13:08:40"
"714","622","et2faxGKtV","abandoned","2023-07-28 06:24:11","2024-09-26 20:05:25"
"715","869","3TJcnjTnm6","abandoned","2024-11-22 11:50:16","2025-03-10 03:43:10"
"716","868","J9zzNho5Bs","converted","2018-07-08 06:57:12","2025-06-15 05:27:34"
"717","848","DyiiJgTTn5","active","2018-01-05 10:42:35","2025-07-02 04:52:16"
"718","840","Xquyx8tROC","converted","2022-03-20 12:20:35","2024-05-15 11:30:36"
"719","182","Dldalixe00","active","2019-07-29 15:29:43","2025-07-01 05:33:32"
"720","666","KJvTvzFtCm","active","2018-03-27 11:19:35","2023-11-05 00:23:00"
"721","765","Mt6HvFhEjg","active","2024-10-28 06:41:19","2025-07-19 03:37:04"
"722","597","bUCifCy4FF","converted","2018-07-31 01:28:02","2024-02-13 16:55:39"
"723","4","3qtH8kAzT4","active","2018-11-02 07:01:11","2020-07-26 06:07:44"
"724","341","IlgZzFdU1p","converted","2023-03-11 20:02:37","2025-01-24 08:29:42"
"725","411","06xAjRCPwk","active","2020-08-03 23:09:47","2023-04-18 20:40:44"
"726","247","hmk2fFDQtn","abandoned","2021-02-14 11:58:08","2025-09-11 23:22:56"
"727","113","yRyZbOGOED","converted","2020-09-09 11:55:05","2023-10-08 16:29:36"
"728","549","GRUtmH1PC4","converted","2021-09-06 08:59:58","2023-11-27 07:53:57"
"729","819","cfnc0Ets7f","active","2025-04-29 10:27:26","2025-09-05 15:32:21"
"730","886","VslAaMvn9m","abandoned","2023-07-17 06:32:54","2024-03-24 07:01:01"
"731","443","bHl7DTOHih","converted","2017-04-27 02:46:42","2022-06-12 07:06:26"
"732","718","2MIYzFiyQj","abandoned","2018-07-26 06:42:23","2019-08-10 14:36:24"
"733","64","9BBujKpyhl","active","2017-12-11 23:51:33","2020-12-31 19:11:01"
"734","516","jvbZNc5Opd","active","2020-07-26 09:49:12","2023-03-21 09:33:00"
"735","715","dWnUKLa3LB","converted","2020-03-14 04:58:52","2021-05-11 11:42:28"
"736","209","nCceNpYr0K","active","2021-05-09 04:42:33","2024-07-08 03:15:19"
"737","553","4SIpYXQUZK","abandoned","2017-05-07 03:34:51","2021-01-22 17:46:51"
"738","28","Q21zZka9za","converted","2019-05-24 03:23:20","2019-10-13 14:41:16"
"739","522","ZKy11yOj9n","active","2018-12-19 20:25:51","2022-07-02 10:43:17"
"740","796","L3VtjN1rCD","abandoned","2022-12-28 06:15:56","2024-12-20 06:05:41"
"741","961","ptjQzJe0N2","active","2024-03-03 23:55:54","2024-09-20 22:23:17"
"742","949","GBWEAJSOmp","abandoned","2019-01-16 01:04:41","2021-07-04 14:00:36"
"743","949","3lo3tVmUFL","converted","2023-11-12 11:34:20","2024-12-03 04:35:07"
"744","358","VTu2OFqR8c","abandoned","2021-12-20 18:55:40","2022-01-13 00:16:05"
"745","909","v2eztiOOJN","active","2024-08-03 12:20:00","2025-02-01 08:24:04"
"746","975","FzaFZtD1Xi","converted","2018-11-25 08:04:22","2023-01-17 18:19:51"
"747","631","ghJFRSEP9H","active","2025-08-21 09:49:50","2025-09-08 11:04:13"
"748","215","nheCzQLHaW","converted","2020-03-25 23:15:06","2023-06-15 04:20:01"
"749","415","mOnjxrJ4rU","converted","2017-05-15 07:51:14","2019-04-30 01:27:47"
"750","879","BcvteABMDY","converted","2017-05-25 23:41:16","2024-11-30 00:24:08"
"751","951","y9lAoHpDmH","converted","2019-09-14 02:19:44","2023-05-18 15:53:11"
"752","558","1xRpdWPsSN","abandoned","2024-08-22 13:36:49","2025-06-02 03:38:00"
"753","774","1UjzDp9Lv9","converted","2018-04-16 13:29:27","2022-11-21 14:20:49"
"754","609","L4quc7vLPP","converted","2021-06-02 10:11:23","2025-07-13 14:22:21"
"755","673","STywaCHZSh","active","2024-01-26 02:53:27","2025-03-28 11:09:21"
"756","887","g3EGKiPnKD","converted","2021-11-24 23:39:03","2022-07-20 12:32:20"
"757","913","fzWkTxln40","converted","2022-05-02 16:16:39","2025-06-26 12:57:57"
"758","730","CAdaxRAZtp","active","2024-09-06 15:12:14","2024-11-17 19:40:47"
"759","223","wZS9ggig08","abandoned","2018-09-10 21:20:41","2022-08-30 02:34:38"
"760","698","bh5FC6SQ8g","active","2020-09-22 21:46:32","2023-03-17 08:17:25"
"761","64","A8wVpiB0h6","active","2024-01-18 13:33:13","2025-06-28 12:05:32"
"762","515","aeazrlC1JO","abandoned","2018-11-02 01:16:28","2019-12-15 02:24:37"
"763","408","G8MjYVsNld","abandoned","2021-09-08 09:26:32","2023-10-31 10:10:53"
"764","157","tHhg31St4a","active","2018-01-16 20:52:32","2021-05-11 17:53:23"
"765","855","8axs6c6P56","converted","2023-11-04 01:17:45","2024-03-02 08:19:05"
"766","817","pq97horISc","active","2021-01-26 08:51:15","2024-07-09 19:39:05"
"767","981","voINw4PTKW","active","2020-07-17 18:12:12","2024-01-23 14:35:11"
"768","15","kl3QqIaMsv","converted","2024-11-28 17:16:48","2024-12-28 14:13:26"
"769","993","HCfaMoMoKi","abandoned","2018-10-01 11:37:19","2024-02-16 09:57:14"
"770","827","G3FjKQG9FV","active","2018-08-18 07:35:15","2021-12-08 11:40:25"
"771","662","N9Oo6qzctK","active","2018-11-03 20:39:47","2020-04-19 12:58:01"
"772","352","s7FGgV6Zqq","active","2019-06-06 02:44:54","2025-06-24 21:43:32"
"773","20","besq5HHFTp","abandoned","2017-05-22 05:53:37","2025-07-18 03:59:45"
"774","619","YoaXZfqxRA","converted","2025-02-20 02:28:47","2025-07-22 17:51:40"
"775","276","WPYrfbctnw","active","2020-05-14 16:58:28","2021-11-29 05:13:49"
"776","101","wAhClsLM1T","converted","2019-09-21 22:01:06","2020-09-10 22:19:23"
"777","932","4xtcnZsxyg","active","2025-06-12 13:33:33","2025-09-24 21:27:59"
"778","712","zDS2Zc7UbJ","abandoned","2024-05-31 00:54:11","2025-01-10 12:27:46"
"779","225","nQ98ZKDcdc","converted","2022-12-13 05:37:29","2023-02-20 17:38:40"
"780","636","MjO0txH9Bc","abandoned","2018-12-12 21:53:10","2023-10-12 04:21:04"
"781","298","N0HIXxEmlO","converted","2021-04-04 10:07:42","2024-07-17 00:54:15"
"782","667","ODqX6x6N1m","abandoned","2022-12-16 07:25:02","2024-12-30 21:45:07"
"783","592","MkLapQvOpC","active","2021-09-02 02:58:11","2022-06-09 00:29:44"
"784","35","Dctb0hRXCC","converted","2019-04-21 06:05:13","2022-05-14 10:46:03"
"785","108","okou2FfFZ0","converted","2018-07-07 16:17:52","2024-12-22 20:55:54"
"786","450","lIHgYQDtE1","active","2017-01-02 03:06:54","2018-01-20 23:21:52"
"787","95","hLHUhMBiDR","active","2023-07-23 07:29:43","2023-11-14 03:55:48"
"788","709","i7RQBGfhAY","active","2023-07-10 10:32:17","2024-03-29 20:43:51"
"789","690","DZE7pQv3q0","converted","2019-05-14 01:37:01","2023-05-13 06:13:07"
"790","282","tqanXXFytt","converted","2022-11-30 15:04:18","2024-07-14 06:07:02"
"791","425","90kh9JpFDv","converted","2017-09-11 20:00:52","2023-02-04 20:11:56"
"792","562","7CUYULcxXx","converted","2023-04-05 11:31:17","2025-07-16 15:24:33"
"793","833","vXXhWvw6nc","converted","2020-06-17 07:24:35","2025-03-14 09:22:04"
"794","727","vusg4qnAMl","active","2020-06-01 17:38:43","2022-12-12 17:58:18"
"795","900","GfQvDCB7QL","abandoned","2019-06-20 20:21:47","2024-12-29 16:43:06"
"796","70","VjWhrInaBD","converted","2025-09-07 22:46:14","2025-09-14 19:50:22"
"797","558","uDzwdlv0ul","active","2023-03-10 12:35:28","2025-07-15 14:16:17"
"798","726","3FfsOSsa45","abandoned","2017-04-23 01:00:42","2025-05-05 21:19:24"
"799","139","YTI0fSUIJ1","active","2021-04-29 23:06:14","2024-12-05 21:45:55"
"800","390","JoMmJ8Uijb","converted","2022-01-20 16:57:29","2022-12-08 00:09:02"