id,name,contact_name,email,phone,address,created_at
"1","Gerlach - Daniel","Elena Reilly","Jordane36@gmail.com","1-678-235-1456 x9500","1793 Morar Prairie","2018-01-15 03:14:52"
"2","Wintheiser - Bartoletti","Jake Emard Jr.","Sim.Leuschke16@yahoo.com","235.870.7212","35332 The Woodlands","2016-03-02 17:14:30"
"3","Corkery LLC","Sophia Bogisich","Janiya50@hotmail.com","676.325.6617","184 Tower Road","2025-09-07 14:16:34"
"4","Beatty LLC","Brendan Bernhard","Madelynn1@hotmail.com","653.930.7220","38512 Pound Lane","2017-04-24 23:35:40"
"5","Metz - Conn","Bessie Bednar","Green23@yahoo.com","(675) 994-6024 x7082","103 Nicola River","2016-07-19 05:20:03"
"6","Keebler, Bradtke and Runte","Randall King Jr.","Scotty_Hahn@hotmail.com","1-923-810-1593 x0807","6861 Otha Extensions","2023-08-16 02:57:10"
"7","Considine, Batz and Kirlin","Josh Spencer-Kirlin","Brooke38@yahoo.com","875.710.8725 x88936","1743 Paucek Parkways","2020-09-02 18:45:54"
"8","Hermann - Erdman","Andrea Altenwerth","Shyann_Morissette-Abshire@gmail.com","(700) 549-4879 x897","827 Lebsack Curve","2025-09-26 05:33:13"
"9","Krajcik, Morissette and Shields","Eileen Rice","Alfreda_Flatley70@yahoo.com","1-951-484-6093 x50581","21406 Mose Overpass","2018-05-05 14:48:32"
"10","Gutmann Group","Lillie Hagenes","Elisa64@hotmail.com","1-467-363-0983 x96367","418 Central Avenue","2024-05-09 01:49:43"
"11","Gusikowski Group","Mrs. Della Reynolds-Bergstrom","Claire.Boyle@yahoo.com","601.955.3648 x05057","61619 Hattie Wells","2019-05-09 21:30:56"
"12","Braun - VonRueden","Phyllis Hackett-Douglas","Viva.Lesch@yahoo.com","876-346-0007 x6574","5139 Bergnaum Fall","2019-03-26 13:28:30"
"13","Sawayn Inc","Ethel Runte","Everardo_Reinger@gmail.com","(952) 588-1565","7038 W Broad Street","2022-12-19 00:21:01"
"14","Crona - Crist","Rose Thiel","Savanna_Halvorson28@yahoo.com","952-933-5422 x88545","57480 Runolfsdottir Knoll","2016-08-08 04:37:43"
"15","Ankunding - Schuppe","Myrtle Boyer-Botsford","Lexi.Zieme@gmail.com","689-530-5694","420 Lake Street","2023-03-23 11:52:21"
"16","Schuppe - Morar","Alfred Ferry","Christophe_Hoeger5@yahoo.com","482-596-9787","26165 Elfrieda Plain","2018-08-06 11:28:01"
"17","Kub, Schaden and Langworth","Audrey Jaskolski-Balistreri","Izabella.Strosin16@gmail.com","895.573.5615 x251","1663 Jammie Crossing","2023-05-09 10:00:07"
"18","Becker, Mraz and Witting","Hubert Jacobi MD","Milo_Kemmer9@yahoo.com","1-519-647-2030 x38866","657 Nolan Junction","2024-06-25 21:12:05"
"19","Cruickshank, Blick and Reynolds","Marc Reichel","Garrison83@hotmail.com","1-470-372-0078","1858 Rae Throughway","2021-11-12 20:34:16"
"20","Kuhlman, Bode and Bailey","Marjorie Osinski I","Hermann49@yahoo.com","1-942-846-5996 x679","700 Bernier Overpass","2019-02-08 04:30:10"